"continent.x","Slope","country"
"Africa",0.625535664335664,"Libya"
"Africa",-0.0930209790209794,"Zimbabwe"
"Americas",0.55651958041958,"Nicaragua"
"Americas",0.157354545454545,"Paraguay"
"Asia",0.772179020979021,"Oman"
"Asia",0.235210489510489,"Iraq"
"Europe",0.49723986013986,"Turkey"
"Europe",0.12133006993007,"Denmark"
"Oceania",0.227723776223776,"Australia"
"Oceania",0.192820979020979,"New Zealand"
