artist_name,hotness
Weezer,0.776167742324
Toby Keith,0.688381697457
The Smashing Pumpkins,0.674834271477
Faith Hill,0.670106172837
Third Day,0.642042372557
The Temptations,0.633353702739
Kenny Rogers,0.625428356113
Mary J. Blige,0.614140285235
Rage Against The Machine,0.589086799818
Supergrass,0.585861386118
